<?xml version="1.0" encoding="UTF-8"?>
<OpenSimDocument Version="20302">
	<AnalyzeTool name="ArmFlexion">
		<model_file> arm26.osim </model_file>
		<results_directory> . </results_directory>
		<output_precision> 12 </output_precision>
		<initial_time>       0.00000000 </initial_time>
		<final_time>       1.00000000 </final_time>
		<AnalysisSet name="Analyses">
			<objects>
				<MuscleForceDirection name="MuscleForceDirection">
					<on> true </on>
					<start_time>     0.00000000 </start_time>
					<end_time>       1.00000000 </end_time>
					<step_interval> 1 </step_interval>
					<in_degrees> true </in_degrees>
					<local_ref_system> true </local_ref_system>
					<effec_attachments> false </effec_attachments>
					<print_muscle_attachments> false </print_muscle_attachments>
					<body_names> all </body_names>
				</MuscleForceDirection>
			</objects>
			<groups/>
		</AnalysisSet>
		<coordinates_file> elbow_flexion.mot </coordinates_file>
		<lowpass_cutoff_frequency_for_coordinates>     6.0 </lowpass_cutoff_frequency_for_coordinates>
	</AnalyzeTool>
</OpenSimDocument>

